Bembidion ambiguum	Adephaga
Bembidion ambiguum	Animal
Bembidion ambiguum	Arthropod
Bembidion ambiguum	Beetle
Bembidion ambiguum	Bembidion
Bembidion ambiguum	Binomial nomenclature
Bembidion ambiguum	California
Bembidion ambiguum	Global Biodiversity Information Facility
Bembidion ambiguum	Ground beetle
Bembidion ambiguum	INaturalist
Bembidion ambiguum	Insect
Bembidion ambiguum	Mediterranean region
Bembidion ambiguum	Open Tree of Life
Bembidion ambiguum	Pierre Fran√ßois Marie Auguste Dejean
Bembidion ambiguum	Salt marsh
Bembidion ambiguum	San Francisco Bay
Bembidion ambiguum	Taxonomy (biology)
Bembidion ambiguum	Wikidata
Bembidion ambiguum	Wikispecies
Adephaga	Animal
Adephaga	Arthropod
Adephaga	Beetle
Adephaga	Ground beetle
Adephaga	INaturalist
Adephaga	Insect
Adephaga	Taxonomy (biology)
Adephaga	Wikidata
Adephaga	Wikispecies
Animal	Arthropod
Animal	Global Biodiversity Information Facility
Animal	INaturalist
Animal	Insect
Animal	Taxonomy (biology)
Animal	Wikidata
Animal	Wikispecies
Arthropod	Animal
Arthropod	Beetle
Arthropod	Global Biodiversity Information Facility
Arthropod	INaturalist
Arthropod	Insect
Arthropod	Open Tree of Life
Arthropod	Taxonomy (biology)
Arthropod	Wikidata
Arthropod	Wikispecies
Beetle	Adephaga
Beetle	Animal
Beetle	Arthropod
Beetle	Global Biodiversity Information Facility
Beetle	Ground beetle
Beetle	INaturalist
Beetle	Insect
Beetle	Open Tree of Life
Beetle	Salt marsh
Beetle	Taxonomy (biology)
Beetle	Wikidata
Beetle	Wikispecies
Bembidion	Adephaga
Bembidion	Animal
Bembidion	Arthropod
Bembidion	Beetle
Bembidion	Global Biodiversity Information Facility
Bembidion	Ground beetle
Bembidion	INaturalist
Bembidion	Insect
Bembidion	List of Bembidion species
Bembidion	Open Tree of Life
Bembidion	Taxonomy (biology)
Bembidion	Wikidata
Bembidion	Wikispecies
Binomial nomenclature	Taxonomy (biology)
California	San Francisco Bay
Global Biodiversity Information Facility	Wikidata
Ground beetle	Adephaga
Ground beetle	Animal
Ground beetle	Arthropod
Ground beetle	Beetle
Ground beetle	Global Biodiversity Information Facility
Ground beetle	INaturalist
Ground beetle	Insect
Ground beetle	Open Tree of Life
Ground beetle	Taxonomy (biology)
Ground beetle	Wikidata
Ground beetle	Wikispecies
INaturalist	Animal
INaturalist	Global Biodiversity Information Facility
Insect	Animal
Insect	Arthropod
Insect	Beetle
Insect	Global Biodiversity Information Facility
Insect	Ground beetle
Insect	INaturalist
Insect	Open Tree of Life
Insect	Taxonomy (biology)
Insect	Wikidata
Insect	Wikispecies
Open Tree of Life	Taxonomy (biology)
San Francisco Bay	California
San Francisco Bay	Salt marsh
Taxonomy (biology)	Animal
Taxonomy (biology)	Binomial nomenclature
Taxonomy (biology)	Global Biodiversity Information Facility
Taxonomy (biology)	Open Tree of Life
Wikidata	Wikispecies
Wikispecies	Wikidata
List of Bembidion species	Bembidion ambiguum
List of Bembidion species	Bembidion
