Girvan–Newman algorithm,Betweenness centrality
Girvan–Newman algorithm,Centrality
Girvan–Newman algorithm,Closeness (mathematics)
Girvan–Newman algorithm,Community structure
Girvan–Newman algorithm,Complex system
Girvan–Newman algorithm,Dendrogram
Girvan–Newman algorithm,Hierarchical clustering
Girvan–Newman algorithm,Mark Newman
Girvan–Newman algorithm,Michelle Girvan
Girvan–Newman algorithm,Modularity (networks)
Betweenness centrality,Centrality
Centrality,Betweenness centrality
Centrality,Community structure
Centrality,List of algorithms
Centrality,Modularity (networks)
Centrality,Stochastic block model
Community structure,Girvan–Newman algorithm
Community structure,Betweenness centrality
Community structure,Centrality
Community structure,Clique percolation method
Community structure,Hierarchical clustering
Community structure,List of algorithms
Community structure,Mark Newman
Community structure,Michelle Girvan
Community structure,Modularity (networks)
Community structure,Stochastic block model
Complex system,Centrality
Dendrogram,Hierarchical clustering
Hierarchical clustering,Dendrogram
Hierarchical clustering,Hierarchical clustering of networks
Mark Newman,Community structure
Mark Newman,Michelle Girvan
Michelle Girvan,Girvan–Newman algorithm
Michelle Girvan,Community structure
Michelle Girvan,Complex system
Modularity (networks),Centrality
Modularity (networks),Community structure
Modularity (networks),List of algorithms
Modularity (networks),Stochastic block model
List of algorithms,Girvan–Newman algorithm
Timeline of algorithms,Girvan–Newman algorithm
Hierarchical clustering of networks,Girvan–Newman algorithm
Hierarchical clustering of networks,Betweenness centrality
Hierarchical clustering of networks,Community structure
Hierarchical clustering of networks,Dendrogram
Hierarchical clustering of networks,Hierarchical clustering
Hierarchical clustering of networks,Michelle Girvan
Hierarchical clustering of networks,Modularity (networks)
Clique percolation method,Girvan–Newman algorithm
Clique percolation method,Community structure
Clique percolation method,Hierarchical clustering
Clique percolation method,Modularity (networks)
Stochastic block model,Girvan–Newman algorithm
Stochastic block model,Centrality
Stochastic block model,Community structure
Stochastic block model,List of algorithms
Stochastic block model,Modularity (networks)
